{
    "ML": {
        "uses_external_apis": false,
        "uses_rag_vector_store": false,
        "uses_tool_function_calling": false,
        "autonomous_execution_loop": false,
        "human_approval_required": "Partial",
        "fine_tuned_model": true,
        "real_time_execution": true
    },
    "LLM": {
        "uses_external_apis": true,
        "uses_rag_vector_store": true,
        "uses_tool_function_calling": false,
        "autonomous_execution_loop": false,
        "human_approval_required": "Partial",
        "fine_tuned_model": true,
        "real_time_execution": true
    },
    "Agent": {
        "uses_external_apis": true,
        "uses_rag_vector_store": true,
        "uses_tool_function_calling": true,
        "autonomous_execution_loop": true,
        "human_approval_required": "None",
        "fine_tuned_model": true,
        "real_time_execution": true
    }
}