{
    "use_case_name": "Customer Support Automation",
    "architectural_features_definition": [
        "uses_external_apis",
        "uses_rag_vector_store",
        "uses_tool_function_calling",
        "autonomous_execution_loop",
        "human_approval_required",
        "fine_tuned_model",
        "real_time_execution"
    ],
    "risk_taxonomy_definition": [
        "Data Risk",
        "Model Risk",
        "Security Risk",
        "Operational Risk",
        "Transparency / Explainability Risk",
        "Dependency / Vendor Risk",
        "Runtime Autonomy Risk"
    ],
    "risk_rules_definition": {
        "uses_external_apis": {
            "Dependency / Vendor Risk": 3,
            "Security Risk": 1
        },
        "uses_rag_vector_store": {
            "Data Risk": 2,
            "Security Risk": 1,
            "Transparency / Explainability Risk": 1
        },
        "uses_tool_function_calling": {
            "Security Risk": 2,
            "Operational Risk": 2,
            "Runtime Autonomy Risk": 1
        },
        "autonomous_execution_loop": {
            "Runtime Autonomy Risk": 3,
            "Operational Risk": 2,
            "Security Risk": 1
        },
        "human_approval_required": {
            "None": {
                "Operational Risk": 2,
                "Transparency / Explainability Risk": 2
            },
            "Partial": {
                "Operational Risk": 1,
                "Transparency / Explainability Risk": 1
            },
            "Mandatory": {
                "Operational Risk": 0,
                "Transparency / Explainability Risk": 0
            }
        },
        "fine_tuned_model": {
            "Model Risk": 2,
            "Operational Risk": 1,
            "Transparency / Explainability Risk": 1
        },
        "real_time_execution": {
            "Operational Risk": 2,
            "Security Risk": 1,
            "Data Risk": 1
        }
    },
    "control_baseline_library_definition": {
        "Data Risk": [
            "Data anonymization/pseudonymization",
            "Access control lists (ACLs)",
            "Data encryption (at rest/in transit)",
            "Data retention policies"
        ],
        "Model Risk": [
            "Model validation (drift/bias)",
            "Model documentation (RID)",
            "Change control for models",
            "Regular model retraining"
        ],
        "Security Risk": [
            "Vulnerability scanning",
            "Secure coding practices",
            "Intrusion detection systems",
            "Least privilege access"
        ],
        "Operational Risk": [
            "Incident response plan",
            "Monitoring & alerting",
            "Business continuity plan",
            "Disaster recovery plan"
        ],
        "Transparency / Explainability Risk": [
            "XAI framework implementation",
            "Audit trails of decisions",
            "User communication of AI use"
        ],
        "Dependency / Vendor Risk": [
            "Vendor SLA review",
            "Fallback strategy for external APIs",
            "Third-party risk assessment"
        ],
        "Runtime Autonomy Risk": [
            "Step limits on actions",
            "Approval gates for critical actions",
            "Comprehensive audit logs",
            "Kill switch functionality"
        ]
    },
    "risk_threshold_for_controls": 5,
    "assumed_controls_for_gap_analysis": {
        "ML": [
            "Access control lists (ACLs)",
            "Data encryption (at rest/in transit)",
            "Vulnerability scanning",
            "Secure coding practices",
            "Incident response plan"
        ],
        "LLM": [
            "Access control lists (ACLs)",
            "Data encryption (at rest/in transit)",
            "Vulnerability scanning",
            "Secure coding practices",
            "Incident response plan",
            "Vendor SLA review"
        ],
        "Agent": [
            "Access control lists (ACLs)",
            "Data encryption (at rest/in transit)",
            "Vulnerability scanning",
            "Secure coding practices",
            "Incident response plan",
            "Vendor SLA review",
            "Comprehensive audit logs"
        ]
    },
    "free_text_assumptions": "This analysis assumes OmniCorp's existing enterprise security controls are effective and up-to-date."
}