{
    "run_id": "20260121_112828",
    "timestamp": "2026-01-21T11:28:28.869523",
    "artifacts": [
        {
            "filename": "architecture_config.json",
            "filepath": "reports/session02/20260121_112828/architecture_config.json",
            "sha256_hash": "7739b29ff1628b8618ae354f8cae901b91d51e291207553a926c02f84bbb9b50"
        },
        {
            "filename": "risk_scores_by_architecture.json",
            "filepath": "reports/session02/20260121_112828/risk_scores_by_architecture.json",
            "sha256_hash": "a1b02bfaadd437fad88c23143ae7ea6b27689a35daf0a65a3e6789a996c428ee"
        },
        {
            "filename": "control_gaps_checklist.json",
            "filepath": "reports/session02/20260121_112828/control_gaps_checklist.json",
            "sha256_hash": "8f2edfaa85ca977de28fbc13c83b869e19d6d82f45a999cb6cbecd21b2f68772"
        },
        {
            "filename": "session02_executive_summary.md",
            "filepath": "reports/session02/20260121_112828/session02_executive_summary.md",
            "sha256_hash": "37426955bbe91071d8f67f3fcba6c82a1a1d1d54fbfce1fd9a419bd453c9b758"
        },
        {
            "filename": "config_snapshot.json",
            "filepath": "reports/session02/20260121_112828/config_snapshot.json",
            "sha256_hash": "e246615c1bdaa83eba5c8c4d7954cffaff1cd20c6a6df8a5bd4d308eae069088"
        }
    ]
}