{
    "ML":{
        "Data Risk":0.0,
        "Model Risk":0.0,
        "Security Risk":0.0,
        "Operational Risk":0.0,
        "Transparency \/ Explainability Risk":0.0,
        "Dependency \/ Vendor Risk":0.0,
        "Runtime Autonomy Risk":0.0
    },
    "LLM":{
        "Data Risk":10.0,
        "Model Risk":0.0,
        "Security Risk":4.0,
        "Operational Risk":0.0,
        "Transparency \/ Explainability Risk":5.0,
        "Dependency \/ Vendor Risk":10.0,
        "Runtime Autonomy Risk":0.0
    },
    "Agent":{
        "Data Risk":10.0,
        "Model Risk":0.0,
        "Security Risk":10.0,
        "Operational Risk":10.0,
        "Transparency \/ Explainability Risk":10.0,
        "Dependency \/ Vendor Risk":10.0,
        "Runtime Autonomy Risk":10.0
    }
}